CIF1,CIF2
VLNKHL81L44L146Q,WSSJNF88S47L039A
VLNKHL81L44L146Q,VLLRRT69R11D041G
VLNKHL81L44L146Q,PRKPRC59M42F793E
WSSJNF88S47L039A,VLLRRT69R11D041G
WSSJNF88S47L039A,PRKPRC59M42F793E
VLLRRT69R11D041G,PRKPRC59M42F793E
BRCJHN84D04C780Y,WLLLLN83R62A857R
BRCJHN84D04C780Y,SLHSLV72P60D239O
WLLLLN83R62A857R,SLHSLV72P60D239O
JMSJHN61L30E689A,RTCJDY92L65D057O
JMSJHN61L30E689A,MCNDNY66H20C974L
JMSJHN61L30E689A,WLLRLA58E52G222M
RTCJDY92L65D057O,MCNDNY66H20C974L
RTCJDY92L65D057O,WLLRLA58E52G222M
MCNDNY66H20C974L,WLLRLA58E52G222M
DLLDBR88B63D227F,BRCMRY59A65H294I
DLLDBR88B63D227F,LLSVGN67T61D344L
BRCMRY59A65H294I,LLSVGN67T61D344L
PRVLRA61C44L724S,BRWSPH60M62E554M
PRVLRA61C44L724S,WLLGDN82T25G459Y
PRVLRA61C44L724S,TRYRRT89S21C194F
PRVLRA61C44L724S,DNGJML72P16B589Y
BRWSPH60M62E554M,WLLGDN82T25G459Y
BRWSPH60M62E554M,TRYRRT89S21C194F
BRWSPH60M62E554M,DNGJML72P16B589Y
WLLGDN82T25G459Y,TRYRRT89S21C194F
WLLGDN82T25G459Y,DNGJML72P16B589Y
TRYRRT89S21C194F,DNGJML72P16B589Y
MRRCRN86R26M093P,LCNMGN89P66L277C
MRRCRN86R26M093P,KHNLSI83T46C866B
MRRCRN86R26M093P,MRNJYO89D14B440G
MRRCRN86R26M093P,DDYNCY55H68G331W
LCNMGN89P66L277C,KHNLSI83T46C866B
LCNMGN89P66L277C,MRNJYO89D14B440G
LCNMGN89P66L277C,DDYNCY55H68G331W
KHNLSI83T46C866B,MRNJYO89D14B440G
KHNLSI83T46C866B,DDYNCY55H68G331W
MRNJYO89D14B440G,DDYNCY55H68G331W
LRNTMR73E61D321M,CVRFRD95L63B418T
LRNTMR73E61D321M,RSSJPH67E22I457E
LRNTMR73E61D321M,KTHMRA59R57C816R
LRNTMR73E61D321M,SMMNNA60C46H245N
CVRFRD95L63B418T,RSSJPH67E22I457E
CVRFRD95L63B418T,KTHMRA59R57C816R
CVRFRD95L63B418T,SMMNNA60C46H245N
RSSJPH67E22I457E,KTHMRA59R57C816R
RSSJPH67E22I457E,SMMNNA60C46H245N
KTHMRA59R57C816R,SMMNNA60C46H245N
LYNMRC54A29D009G,SPNJRM96H21C062G
LYNMRC54A29D009G,WDWJNN67T25L440J
SPNJRM96H21C062G,WDWJNN67T25L440J
PNNRHR81M05E356N,GZMDNN67E54L834Z
PNNRHR81M05E356N,BDGTTH02S12H153U
PNNRHR81M05E356N,STJKNE55M03L673N
GZMDNN67E54L834Z,BDGTTH02S12H153U
GZMDNN67E54L834Z,STJKNE55M03L673N
BDGTTH02S12H153U,STJKNE55M03L673N
XMEBBR59A42B171A,SHLTRS58D49F815D
FREDTH50S54B120C,SFSSNT03B58I357V
FREDTH50S54B120C,DWDROA52C53B097U
FREDTH50S54B120C,MRRTMS79B15C974V
SFSSNT03B58I357V,DWDROA52C53B097U
SFSSNT03B58I357V,MRRTMS79B15C974V
DWDROA52C53B097U,MRRTMS79B15C974V
NGYJDY52E48F320W,WHTFDR95T27E759W
NGYJDY52E48F320W,JCBRCC50A63M420U
NGYJDY52E48F320W,KNGRSL57M27L167F
WHTFDR95T27E759W,JCBRCC50A63M420U
WHTFDR95T27E759W,KNGRSL57M27L167F
JCBRCC50A63M420U,KNGRSL57M27L167F
PNINAA54T66I796U,KLFJMS99H26F422A
PNINAA54T66I796U,DVLVGN61S45F494C
KLFJMS99H26F422A,DVLVGN61S45F494C
LEEJNA98H48E638A,TCKJYC58A44B774S
RMNMRY96C46H022U,LPZRMR64L63G153S
RMNMRY96C46H022U,BSTGLD89M31M371Q
RMNMRY96C46H022U,YNGMTN56H16E666B
LPZRMR64L63G153S,BSTGLD89M31M371Q
LPZRMR64L63G153S,YNGMTN56H16E666B
BSTGLD89M31M371Q,YNGMTN56H16E666B
BRNLHE55R64C286K,MTCKST02A69E784W
BRNLHE55R64C286K,PRCRTR79L29L270U
BRNLHE55R64C286K,RBRBRK59H52F562K
BRNLHE55R64C286K,CPRJHN86P01B167P
MTCKST02A69E784W,PRCRTR79L29L270U
MTCKST02A69E784W,RBRBRK59H52F562K
MTCKST02A69E784W,CPRJHN86P01B167P
PRCRTR79L29L270U,RBRBRK59H52F562K
PRCRTR79L29L270U,CPRJHN86P01B167P
RBRBRK59H52F562K,CPRJHN86P01B167P
GRBMRN82D57D038L,CDRTCY54R28A265E
GRBMRN82D57D038L,WRSFDD70A04B506S
CDRTCY54R28A265E,WRSFDD70A04B506S
BLNLSI59L44I754K,THRCRS72D63M021H
BLNLSI59L44I754K,LIXJCK86C02L575K
THRCRS72D63M021H,LIXJCK86C02L575K
WLLSRL93T52I326Y,RSDWTR78C28G156H
WLLSRL93T52I326Y,WHTRSL88M48G273U
WLLSRL93T52I326Y,MCLSLL63H59H822V
WLLSRL93T52I326Y,CLMBRN67E26H720B
RSDWTR78C28G156H,WHTRSL88M48G273U
RSDWTR78C28G156H,MCLSLL63H59H822V
RSDWTR78C28G156H,CLMBRN67E26H720B
WHTRSL88M48G273U,MCLSLL63H59H822V
WHTRSL88M48G273U,CLMBRN67E26H720B
MCLSLL63H59H822V,CLMBRN67E26H720B
STPGLD62R28B530H,GRFHRT66B27D284O
STPGLD62R28B530H,MRTJSS58A07H134Q
STPGLD62R28B530H,PRCMHL59T49G802A
GRFHRT66B27D284O,MRTJSS58A07H134Q
GRFHRT66B27D284O,PRCMHL59T49G802A
MRTJSS58A07H134Q,PRCMHL59T49G802A
BNGKMI67E57M079C,KRKPTR52T16L562R
BNGKMI67E57M079C,FLRCLS87M29I936O
BNGKMI67E57M079C,CLYMHL68C61B424F
BNGKMI67E57M079C,GRCJHN97C02I745A
KRKPTR52T16L562R,FLRCLS87M29I936O
KRKPTR52T16L562R,CLYMHL68C61B424F
KRKPTR52T16L562R,GRCJHN97C02I745A
FLRCLS87M29I936O,CLYMHL68C61B424F
FLRCLS87M29I936O,GRCJHN97C02I745A
CLYMHL68C61B424F,GRCJHN97C02I745A
LMRGRG63B15G580A,STRBNC73A49G384I
LMRGRG63B15G580A,SMNZND76S52A398Q
LMRGRG63B15G580A,MLLNDI78C68A122T
STRBNC73A49G384I,SMNZND76S52A398Q
STRBNC73A49G384I,MLLNDI78C68A122T
SMNZND76S52A398Q,MLLNDI78C68A122T
BDNMRY91S41H505I,HNSCLE92M26G447Q
BDNMRY91S41H505I,BRWCFF88E12F737N
HNSCLE92M26G447Q,BRWCFF88E12F737N
PLLNHL78D22G311I,STRLRY69C07E192Q
PLLNHL78D22G311I,GNZJMM62R30B198S
PLLNHL78D22G311I,FRNGRD51M07G146L
PLLNHL78D22G311I,KNSJNF91H43C691H
STRLRY69C07E192Q,GNZJMM62R30B198S
STRLRY69C07E192Q,FRNGRD51M07G146L
STRLRY69C07E192Q,KNSJNF91H43C691H
GNZJMM62R30B198S,FRNGRD51M07G146L
GNZJMM62R30B198S,KNSJNF91H43C691H
FRNGRD51M07G146L,KNSJNF91H43C691H
MKLCRS90H44L173G,FRSHLN61R41B038O
MKLCRS90H44L173G,STLSNL55P30E537Q
MKLCRS90H44L173G,LLTLND50C14D853V
FRSHLN61R41B038O,STLSNL55P30E537Q
FRSHLN61R41B038O,LLTLND50C14D853V
STLSNL55P30E537Q,LLTLND50C14D853V
WLLDNL90A04A898T,DTHFNC93H03F707B
WLLDNL90A04A898T,BRBJFF97T18A202M
WLLDNL90A04A898T,DVDKHL98S44G111E
WLLDNL90A04A898T,JHNSCI70R26A087R
DTHFNC93H03F707B,BRBJFF97T18A202M
DTHFNC93H03F707B,DVDKHL98S44G111E
DTHFNC93H03F707B,JHNSCI70R26A087R
BRBJFF97T18A202M,DVDKHL98S44G111E
BRBJFF97T18A202M,JHNSCI70R26A087R
DVDKHL98S44G111E,JHNSCI70R26A087R
FGRMHL82H18L237F,YTCRNN69P17A263F
FGRMHL82H18L237F,BLNNDR76D29C072G
FGRMHL82H18L237F,SNCRHR70E02I612L
FGRMHL82H18L237F,SHETMY52C08H406D
YTCRNN69P17A263F,BLNNDR76D29C072G
YTCRNN69P17A263F,SNCRHR70E02I612L
YTCRNN69P17A263F,SHETMY52C08H406D
BLNNDR76D29C072G,SNCRHR70E02I612L
BLNNDR76D29C072G,SHETMY52C08H406D
SNCRHR70E02I612L,SHETMY52C08H406D
SPNJHN87T10F976U,YNGNCY92A42L334B
SPNJHN87T10F976U,MWNLCS65P09L625X
SPNJHN87T10F976U,LCNBBR88P55F817E
SPNJHN87T10F976U,LPSMGR93P42C533G
YNGNCY92A42L334B,MWNLCS65P09L625X
YNGNCY92A42L334B,LCNBBR88P55F817E
YNGNCY92A42L334B,LPSMGR93P42C533G
MWNLCS65P09L625X,LCNBBR88P55F817E
MWNLCS65P09L625X,LPSMGR93P42C533G
LCNBBR88P55F817E,LPSMGR93P42C533G
MRSTMY83B23B686W,GLLJRM87C31G580R
MRSTMY83B23B686W,STORBE83T53B535L
GLLJRM87C31G580R,STORBE83T53B535L
THMJTH73T54B844U,DVSBBR79S41M196G
THMJTH73T54B844U,RGRJLN85P04F599C
THMJTH73T54B844U,MYRLNL84M29G823I
DVSBBR79S41M196G,RGRJLN85P04F599C
DVSBBR79S41M196G,MYRLNL84M29G823I
RGRJLN85P04F599C,MYRLNL84M29G823I
PHLJSN62A18E213Z,RSNJSN91R25L734J
PHLJSN62A18E213Z,SHLLLL52M71L389G
RSNJSN91R25L734J,SHLLLL52M71L389G
BGYLSO52A48G663K,NVRJPH90S21E904H
MCGSNY98M10A537X,CLPJHN02H25H639J
MCGSNY98M10A537X,FNKCRL68P25D666Z
CLPJHN02H25H639J,FNKCRL68P25D666Z
SLDHLN85A49F422V,MRCRSO85P65A737K
SLDHLN85A49F422V,GRNDLD75L03D804W
MRCRSO85P65A737K,GRNDLD75L03D804W
KTHMRL79C44E901I,HDSDRH98D58D061Q
DCSGRG75B01H258V,LTTNNA72M57A625D
NCHCRG65B09C503O,CBRRGG92B14A663J
NCHCRG65B09C503O,KNLSNE96A14I319G
NCHCRG65B09C503O,JPKLRY63B16C633M
CBRRGG92B14A663J,KNLSNE96A14I319G
CBRRGG92B14A663J,JPKLRY63B16C633M
KNLSNE96A14I319G,JPKLRY63B16C633M
DNKRTI79E46E290E,HDSJHN73B07F256I
DNKRTI79E46E290E,LPPDLD70A03H026E
HDSJHN73B07F256I,LPPDLD70A03H026E
