CFI,first_name,last_name,positive,birth,birthplace,phone_number,email,last_confirm,sex
BRWSPH99R47B383T,Stephanie,Brown,False,07/10/1999,Calasetta,3449450997,stephanie.brown@gmail.com,20/07/2020,F
GLLMRY52R18F517X,Mary,Gill,False,18/10/1952,Monte Giberto,3520632492,mary.gill@gmail.com,28/05/2021,M
LHNMHL97C71G559A,Michael,Luhnow,False,31/03/1997,Pianezza,3553390527,michael.luhnow@gmail.com,,F
VNBSMA54C50L253L,Sam,Vanblarcom,False,10/03/1954,Torrebruna,3284016748,sam.vanblarcom@gmail.com,,F
HRMSLV53C28G959I,Sylvia,Herman,False,28/03/1953,Pozzolengo,3282475038,sylvia.herman@gmail.com,,M
SBLGRD91H64E363I,Gerard,Isbell,False,24/06/1991,Isole Tremiti,3367031565,gerard.isbell@gmail.com,02/08/2020,F
KRPDLD97L12D385X,Donald,Karp,False,12/07/1997,Duno,3277996010,donald.karp@gmail.com,,M
RCKJMS66B41I551E,James,Rucker,False,01/02/1966,Scorzè,3258657256,james.rucker@gmail.com,10/10/2021,F
SPRRYN02B45F728W,Ryan,Sprouse,False,05/02/2002,Mori,3314682837,ryan.sprouse@gmail.com,,F
SMNSTR62R53B319E,Ester,Simon,False,13/10/1962,Caccuri,3565681997,ester.simon@gmail.com,,F
SHLMNC66C16F681X,Monica,Shelley,False,16/03/1966,Montodine,3402527430,monica.shelley@gmail.com,27/02/2021,M
JNSJPH65B07B671V,Joseph,Jones,False,07/02/1965,Caponago,3460928995,joseph.jones@gmail.com,,M
CCHGLR70T02I832S,Gloria,Cichon,False,02/12/1970,Sonnino,3201553543,gloria.cichon@gmail.com,28/05/2020,M
FNTRRT72M20B030A,Robert,Fontenot,False,20/08/1972,Borgoratto Mormorolo,3262147878,robert.fontenot@gmail.com,08/01/2020,M
BRDJHN00E65B234G,John,Beard,False,25/05/2000,Bruzzano Zeffirio,3276435387,john.beard@gmail.com,07/08/2021,F
CHMPML84D42D095J,Pamela,Champagne,False,02/04/1984,Cosseria,3407603103,pamela.champagne@gmail.com,,F
MRTJMS87P57A302B,James,Martin,False,17/09/1987,Annone Veneto,3241856612,james.martin@gmail.com,29/09/2021,F
SMTLCN63M43I236P,Luciano,Smith,False,03/08/1963,Travacò Siccomario,3353768625,luciano.smith@gmail.com,11/09/2021,F
CRPJMS58T07M280S,James,Carpenter,False,07/12/1958,Trecase,3282934329,james.carpenter@gmail.com,,M
NGLRTI61H43I984D,Rita,Angel,False,03/06/1961,Stroppiana,3339512124,rita.angel@gmail.com,28/03/2020,F
CKOROA51S65H341N,Ora,Cook,False,25/11/1951,Rivarolo del Re ed Uniti,3454893803,ora.cook@gmail.com,23/09/2021,F
LLTSVN65D55A380B,Steven,Elliott,False,15/04/1965,Ardauli,3445329068,steven.elliott@gmail.com,,F
WDRJMS57P24M069W,James,Woodruff,False,24/09/1957,Virle Piemonte,3544904090,james.woodruff@gmail.com,,M
DGHMTT95A05D958H,Mattie,Daugherty,False,05/01/1995,Gazzola,3381923125,mattie.daugherty@gmail.com,,M
CLRDLD96H47G505B,Donald,Clarke,False,07/06/1996,Pessinetto,3208389465,donald.clarke@gmail.com,17/08/2020,F
LWSJNN82R54H547I,Johnny,Lewis,False,14/10/1982,Rondissone,3473803953,johnny.lewis@gmail.com,01/04/2020,F
SNZMND93M50M337O,Amanda,Seanez,False,10/08/1993,Verderio,3555416360,amanda.seanez@gmail.com,,F
LMYRRD80D64C058G,Ricardo,Lemay,False,24/04/1980,Castel Baronia,3549561584,ricardo.lemay@gmail.com,19/05/2020,F
BRWDIA63A12D463H,Ida,Brown,False,12/01/1963,Faggiano,3390531653,ida.brown@gmail.com,,M
MTTRTR70T27L096D,Arturo,Matthews,False,27/12/1970,Tenna,3209774271,arturo.matthews@gmail.com,,M
JNSCRS99S42C356Y,Christie,Jones,False,02/11/1999,Cattolica Eraclea,3206917677,christie.jones@gmail.com,,F
DLNGGR74L07B043B,Gregory,Dolan,False,07/07/1974,Borgo Ticino,3424225985,gregory.dolan@gmail.com,12/04/2021,M
LMBFRD87D03A978P,Fred,Lambert,False,03/04/1987,Bonorva,3345960449,fred.lambert@gmail.com,03/07/2020,M
KHNCST75E64G787A,Cristina,Kuhns,False,24/05/1975,Polignano a Mare,3543759288,cristina.kuhns@gmail.com,,F
VNDTTH50E02F029W,Timothy,Vandyke,False,02/05/1950,Massa Lombarda,3573703596,timothy.vandyke@gmail.com,,M
HRRPML63R07D383Y,Pamela,Harris,False,07/10/1963,Duino Aurisina,3319298552,pamela.harris@gmail.com,,M
GTHJHN95T57L127A,John,Gaither,False,17/12/1995,Terranova Sappo Minulio,3384950512,john.gaither@gmail.com,10/08/2021,F
MRRNTN96C05C895P,Antonio,Merritt,False,05/03/1996,Cologno Monzese,3217024387,antonio.merritt@gmail.com,,M
MROCLN57A02G233I,Colleen,Moore,False,02/01/1957,Pagazzano,3482065962,colleen.moore@gmail.com,,M
LBRSTT51D67L815W,Scott,Aliberti,False,27/04/1951,Vetto,3499575827,scott.aliberti@gmail.com,,F
NLSKBR62L51L999C,Kimberly,Nelson,False,11/07/1962,Villar Dora,3504207641,kimberly.nelson@gmail.com,,F
BLLJNN89R71F162M,Jeanine,Billings,False,31/10/1989,Meta,3567594465,jeanine.billings@gmail.com,24/01/2021,F
TRMSHN83P57B056K,Shauna,Taormina,False,17/09/1983,Borore,3587605652,shauna.taormina@gmail.com,,F
SNDHGU62C17L146O,Hugo,Sanders,False,17/03/1962,Terzorio,3490103542,hugo.sanders@gmail.com,,M
RDRJMS59D14E485H,James,Rodrigues,False,14/04/1959,Laurino,3360225041,james.rodrigues@gmail.com,21/08/2020,M
CKOKYL57S63A496T,Kyle,Cook,False,23/11/1957,Aulla,3379717440,kyle.cook@gmail.com,22/06/2021,F
MCGSLY88R59H320D,Sally,Mcgee,False,19/10/1988,Ripa Teatina,3335271815,sally.mcgee@gmail.com,11/06/2020,F
HSSRRT70B47D207Y,Robert,Hess,False,07/02/1970,Cunico,3546147788,robert.hess@gmail.com,,F
HLLMRT95H61H386B,Magaret,Hall,False,21/06/1995,Rocca Canavese,3450041726,magaret.hall@gmail.com,,F
LRRRKE71R70B593M,Erika,Larry,False,30/10/1971,Canegrate,3383222267,erika.larry@gmail.com,03/11/2020,F
FSTRNE99D04F276I,Rene,Foster,False,04/04/1999,Moio de' Calvi,3438080552,rene.foster@gmail.com,,M
BNTHRY92B50F542S,Henry,Benitez,False,10/02/1992,Monteleone Rocca Doria,3532017591,henry.benitez@gmail.com,14/07/2020,F
WLFJNA59D06E804V,Jan,Wolfe,False,06/04/1959,Magherno,3410915377,jan.wolfe@gmail.com,28/08/2021,M
SLZKHR78R09B719C,Katherine,Salazar,False,09/10/1978,Caraglio,3501301393,katherine.salazar@gmail.com,,M
FGRBRN82E43L573Y,Brian,Figueroa,False,03/05/1982,Valfabbrica,3381368309,brian.figueroa@gmail.com,,F
SHRBNT63D42F132K,Benito,Sherrow,False,02/04/1963,Merano,3316533714,benito.sherrow@gmail.com,21/04/2020,F
BRKJNA74D41F628R,Jane,Birkland,False,01/04/1974,Monte San Savino,3215990459,jane.birkland@gmail.com,08/06/2021,F
HLLDRO83D02C512I,Dora,Hall,False,02/04/1983,Ceriano Laghetto,3401772863,dora.hall@gmail.com,,M
BLCLHE99S11E436S,Leah,Black,False,11/11/1999,Landiona,3596430937,leah.black@gmail.com,,M
SHFDNN01C17C672S,Dianna,Shaffer,False,17/03/2001,Cibiana di Cadore,3272856052,dianna.shaffer@gmail.com,,M
SRLNDR70H44B839F,Andrea,Sorell,False,04/06/1970,Carrodano,3312786505,andrea.sorell@gmail.com,,F
DVSFRD60R16H014J,Frieda,Davis,False,16/10/1960,Precenicco,3554602333,frieda.davis@gmail.com,26/10/2020,M
DMSCRL82R30E602F,Charlie,Adams,False,30/10/1982,Linguaglossa,3353480569,charlie.adams@gmail.com,19/02/2021,M
CRLSVN86C59E835G,Steven,Carlo,False,19/03/1986,Maierà,3596418194,steven.carlo@gmail.com,,F
CZZJNF02E67F852A,Jennifer,Cozzi,False,27/05/2002,Navelli,3562769212,jennifer.cozzi@gmail.com,28/10/2021,F
HLMLEO64P05L771U,Leo,Holmquist,False,05/09/1964,Vernante,3531641440,leo.holmquist@gmail.com,11/08/2021,M
FLXCRG92C44L720H,Craig,Felix,False,04/03/1992,Vellezzo Bellini,3451384366,craig.felix@gmail.com,03/09/2020,F
JHNSPH57C41I465L,Stephen,Johnson,False,01/03/1957,Sauze di Cesana,3200981989,stephen.johnson@gmail.com,,F
LBRDDE02L48E840H,Eddie,Alberry,False,08/07/2002,Mairago,3427643533,eddie.alberry@gmail.com,,F
HRBMRL94S54G267U,Merle,Harbison,True,14/11/1994,Palazzolo Acreide,3251864944,merle.harbison@gmail.com,11/10/2021,F
RDRBBR99T47C187Z,Barbra,Rodriguez,False,07/12/1999,Castello di Brianza,3385103193,barbra.rodriguez@gmail.com,19/09/2020,F
HCKJHN64T43B507F,John,Hockensmith,False,03/12/1964,Campi Bisenzio,3511321371,john.hockensmith@gmail.com,,F
BSHBLH79P43C532G,Beulah,Bush,False,03/09/1979,Cerrione,3369617908,beulah.bush@gmail.com,05/04/2020,F
BMBRLD56M21F149B,Ronald,Bembry,False,21/08/1956,Merlino,3214333317,ronald.bembry@gmail.com,31/10/2020,M
RCHDTH89S29D145E,Dorothy,Richer,False,29/11/1989,Cremeno,3443079848,dorothy.richer@gmail.com,,M
WHTJHN51D41L331Y,John,White,False,01/04/1951,Trapani,3459090821,john.white@gmail.com,,F
BRWJPH61T71C278Y,Joseph,Brown,False,31/12/1961,Castelvecchio Calvisio,3576837627,joseph.brown@gmail.com,13/05/2020,F
GRHSLV59B01B985B,Sylvia,Graham,False,01/02/1959,Casoli,3576666169,sylvia.graham@gmail.com,18/11/2020,M
VCRNHL64R58H752Q,Nicholas,Vicars,False,18/10/1964,Samolaco,3297153844,nicholas.vicars@gmail.com,,F
FRDJNN72L56H882F,Joanne,Freeders,False,16/07/1972,San Giorgio Ionico,3419178598,joanne.freeders@gmail.com,,F
VLLDVD80B45I862L,David,Valle,False,05/02/1980,Sorrento,3420842827,david.valle@gmail.com,04/07/2021,F
WNGDNL87P19H987G,Daniel,Wingham,False,19/09/1987,San Martino Alfieri,3503784972,daniel.wingham@gmail.com,14/02/2021,M
LLSBTH76P47E346W,Beth,Ellis,False,07/09/1976,Isolabona,3485451080,beth.ellis@gmail.com,15/08/2020,F
WLKDVD71E65M413W,David,Wilkerson,False,25/05/1971,Sassocorvaro Auditore,3396407826,david.wilkerson@gmail.com,,F
SNCSML80A15I210W,Samuel,Sanchez,False,15/01/1980,Sant'Albano Stura,3516983152,samuel.sanchez@gmail.com,,M
CNARND85R57D314D,Orlando,Cain,False,17/10/1985,Dogliani,3347799710,orlando.cain@gmail.com,06/04/2021,F
MTHRLN60A26F579L,Rosalinda,Mathison,False,26/01/1960,Montenero Sabino,3420139525,rosalinda.mathison@gmail.com,11/05/2020,M
KTHRRT00D04F315V,Robert,Keith,False,04/04/2000,Mombello di Torino,3262663097,robert.keith@gmail.com,25/05/2020,M
MTHLNE83P42F626E,Elaine,Mathis,False,02/09/1983,Monte San Pietrangeli,3276811287,elaine.mathis@gmail.com,,F
RDRMVN70R28G808O,Marvin,Rodriguez,False,28/10/1970,Pomarolo,3347671031,marvin.rodriguez@gmail.com,,M
PDLJTN69L26I561O,Justin,Padilla,False,26/07/1969,Secugnago,3504690254,justin.padilla@gmail.com,20/12/2020,M
VNIBLY96B17L399I,Billy,Vian,False,17/02/1996,Trevico,3283832169,billy.vian@gmail.com,,M
YCCJPH63H66D026X,Joseph,Aycock,False,26/06/1963,Corniglio,3437744786,joseph.aycock@gmail.com,23/01/2020,F
MTHTLM80B22C552K,Thelma,Matheson,False,22/02/1980,Cerveteri,3280174138,thelma.matheson@gmail.com,27/06/2021,M
SCHDLD81B18L739D,Donald,Schmidt,False,18/02/1981,Venticano,3324965074,donald.schmidt@gmail.com,26/02/2021,M
RDRDNL03A03F736B,Daniel,Rodriguez,False,03/01/2003,Mornago,3502736306,daniel.rodriguez@gmail.com,,M
FSHCRR03C17A074P,Carrie,Fisher,False,17/03/2003,Agliè,3529880610,carrie.fisher@gmail.com,,M
PRTRKY03E69L764E,Ricky,Porter,False,29/05/2003,Verghereto,3534665178,ricky.porter@gmail.com,,F
DTTJHN79M31G142L,John,Dutton,False,31/08/1979,Ortona dei Marsi,3213798634,john.dutton@gmail.com,26/06/2020,M
KNCJMS03E19E940A,James,Kincaid,False,19/05/2003,Mareno di Piave,3476331557,james.kincaid@gmail.com,,M
CRVJFR73S57A728H,Jeffrey,Craven,False,17/11/1973,Bedero Valcuvia,3488335509,jeffrey.craven@gmail.com,,F
HRZJNC63P43F744Z,Janice,Herzog,False,03/09/1963,Morra De Sanctis,3220379914,janice.herzog@gmail.com,,F
SGLBTH82L03B463V,Beth,Siegel,False,03/07/1982,Cambiasca,3291409450,beth.siegel@gmail.com,23/01/2021,M
FRLBND58H70C771A,Brandy,Farley,False,30/06/1958,Civitaquana,3597001582,brandy.farley@gmail.com,,F
MDRHRY00R11C149B,Harry,Modrak,False,11/10/2000,Castellazzo Novarese,3243635150,harry.modrak@gmail.com,,M
MRNSVD53M19F171Y,Salvador,Moran,False,19/08/1953,Mezzana Rabattone,3389037201,salvador.moran@gmail.com,30/06/2021,M
HSKMDR85E43C024B,Mildred,Haskins,False,03/05/1985,Cassina Valsassina,3258680149,mildred.haskins@gmail.com,10/11/2020,F
MNSWLY54B54E565E,Wesley,Means,False,14/02/1954,Levico Terme,3457928906,wesley.means@gmail.com,28/09/2020,F
RTZLND74C53F998U,Linda,Ortiz,False,13/03/1974,Odalengo Piccolo,3449987955,linda.ortiz@gmail.com,20/06/2020,F
RDRSNY96P13F193K,Sidney,Rodrigez,False,13/09/1996,Micigliano,3400862777,sidney.rodrigez@gmail.com,31/10/2021,M
GRNRHR85S11D488X,Arthur,Green,False,11/11/1985,Fano,3460749489,arthur.green@gmail.com,,M
VLDDTN66C69D876Z,Dustin,Valdez,False,29/03/1966,Gallicchio,3548967088,dustin.valdez@gmail.com,09/12/2020,F
BRDKRN55A02L195I,Karen,Boardman,False,02/01/1955,Tolmezzo,3291661907,karen.boardman@gmail.com,,M
RCBGRG02C14E838P,George,Arciba,False,14/03/2002,Maiolo,3289183251,george.arciba@gmail.com,,M
MCCCVL97M19B452G,Cleveland,Mccray,False,19/08/1997,Calvizzano,3230221466,cleveland.mccray@gmail.com,12/01/2020,M
HGDFNK77D41G227A,Franklin,Higdon,False,01/04/1977,Paduli,3435736030,franklin.higdon@gmail.com,,F
STRJLU81S23H803Q,Julie,Estrada,True,23/11/1981,San Colombano al Lambro,3457376257,julie.estrada@gmail.com,26/09/2021,M
KRSCRL03M23C100I,Charles,Kraus,False,23/08/2003,Castelfidardo,3468203306,charles.kraus@gmail.com,22/05/2021,M
NCKHHR66S67F874F,Heather,Nickerson,False,27/11/1966,Nerviano,3262434990,heather.nickerson@gmail.com,03/07/2021,F
CWNMRK01M29H553W,Mark,Cowans,False,29/08/2001,Roppolo,3592090320,mark.cowans@gmail.com,,M
LVGCRS89P56D273L,Christian,Lavigne,False,16/09/1989,Denno,3398947291,christian.lavigne@gmail.com,,F
LTNRBN54D21I426D,Ruben,Alton,False,21/04/1954,Sarconi,3510755739,ruben.alton@gmail.com,30/09/2021,M
CLBHHR98R63A253U,Heather,Culbertson,True,23/10/1998,Amantea,3406544900,heather.culbertson@gmail.com,28/09/2021,F
HLLDLD89T67C567P,Donald,Hall,False,27/12/1989,Cesara,3372082688,donald.hall@gmail.com,26/07/2021,F
TRRDRS76D19C931Q,Doris,Torres,True,19/04/1976,Commezzadura,3528632905,doris.torres@gmail.com,06/10/2021,M
CRSJLU95S53D364M,Julie,Croes,False,13/11/1995,Drapia,3536972280,julie.croes@gmail.com,,F
LYNNCE99T49L561N,Eunice,Lyndon,False,09/12/1999,Valdina,3280678818,eunice.lyndon@gmail.com,,F
HRRFNC83R48C770T,Frances,Harris,False,08/10/1983,Civitanova Marche,3268674965,frances.harris@gmail.com,22/06/2021,F
LXASSN67H66B144P,Susan,Alix,False,26/06/1967,Brenna,3285887265,susan.alix@gmail.com,,F
SCHFNC85C14M325B,Francis,Schiffer,False,14/03/1985,Sissa Trecasali,3379901913,francis.schiffer@gmail.com,,M
RMRWLM73B23E395Y,William,Ramirez,False,23/02/1973,Lacchiarella,3244774317,william.ramirez@gmail.com,,M
HGHBBY83E25B680G,Bobby,Haught,False,25/05/1983,Cappella de' Picenardi,3300924477,bobby.haught@gmail.com,,M
MLYJNT87H41A492P,Juanita,Maloy,False,01/06/1987,Atzara,3253412150,juanita.maloy@gmail.com,20/10/2020,F
LLSRRT81H10E354F,Robert,Ellison,True,10/06/1981,Isola Vicentina,3299326281,robert.ellison@gmail.com,29/10/2021,M
WLLDNY83T20I330M,Danny,Williams,True,20/12/1983,Santeramo in Colle,3414821507,danny.williams@gmail.com,22/10/2021,M
FRDBNC84C20I237U,Bernice,Ford,False,20/03/1984,Santa Maria della Versa,3483284804,bernice.ford@gmail.com,,M
CRDBND85H63G688Z,Brenda,Cardiel,False,23/06/1985,Piombino Dese,3224459550,brenda.cardiel@gmail.com,04/11/2020,F
CRDDNA59P17F394V,Dana,Credle,False,17/09/1959,Montagnana,3436707820,dana.credle@gmail.com,23/07/2021,M
FRNTRY66A14G758Y,Terry,Franks,False,14/01/1966,Poggiodomo,3400730626,terry.franks@gmail.com,,M
MRKNHN02S04H107Y,Anthony,Markley,False,04/11/2002,Quarna Sotto,3492387664,anthony.markley@gmail.com,21/11/2020,M
PWLDNE55R01A285E,Edna,Pawlicki,False,01/10/1955,Andria,3209071810,edna.pawlicki@gmail.com,,M
RYBDNN91L44I312Y,Adrienne,Rayborn,False,04/07/1991,Santa Teresa Gallura,3343156149,adrienne.rayborn@gmail.com,,F
FLYNHN53A05L337D,Anthony,Foley,False,05/01/1953,Tratalias,3273062904,anthony.foley@gmail.com,13/07/2020,M
DLLTMY75E20I871V,Tammy,Odell,False,20/05/1975,Sover,3480029031,tammy.odell@gmail.com,17/04/2020,M
CRWDLD52B24E724I,Donald,Crowder,False,24/02/1952,Lucoli,3457241715,donald.crowder@gmail.com,18/08/2021,M
JFFSNE89H09D752V,Sean,Jeffers,False,09/06/1989,Frabosa Sottana,3533372871,sean.jeffers@gmail.com,,M
HDSSSU79M01A733X,Susie,Hudson,False,01/08/1979,Bee,3336607678,susie.hudson@gmail.com,27/06/2020,M
WNRLEO97E51H507A,Leo,Winer,False,11/05/1997,Romana,3535667218,leo.winer@gmail.com,14/06/2021,F
BSKKLY02E66I360J,Kelly,Busk,False,26/05/2002,Santo Stefano di Sessanio,3598131598,kelly.busk@gmail.com,18/05/2020,F
KHNMCH70S49C528N,Mitchell,Kuehnle,False,09/11/1970,Cerreto d'Asti,3427448952,mitchell.kuehnle@gmail.com,,F
WNTRHR62E31F229G,Richard,Wentzel,False,31/05/1962,Mira,3421616016,richard.wentzel@gmail.com,22/10/2020,M
GDRWLM67C09I274L,William,Guidry,False,09/03/1967,Sant'Angelo Lodigiano,3524140134,william.guidry@gmail.com,,M
BRRSCY60L24A198A,Stacey,Burris,False,24/07/1960,Alice Castello,3572312108,stacey.burris@gmail.com,,M
BSHCLN79D70I306V,Caroline,Bushaw,False,30/04/1979,Sant'Arpino,3383930749,caroline.bushaw@gmail.com,19/01/2021,F
CRNRNI01P47B661F,Irene,Crone,False,07/09/2001,Capizzone,3454751304,irene.crone@gmail.com,,F
FRBLRY82M63L112M,Larry,Freeborn,False,23/08/1982,Termini Imerese,3429693928,larry.freeborn@gmail.com,,F
HGHPTY61T52I140Q,Patty,Hughes,False,12/12/1961,San Rocco al Porto,3572517441,patty.hughes@gmail.com,,F
TYLJMA73C42G542B,Jamie,Taylor,False,02/03/1973,Piana Crixia,3326142079,jamie.taylor@gmail.com,,F
MSNFRD97S63F092P,Fred,Mason,False,23/11/1997,Megliadino San Vitale,3335731447,fred.mason@gmail.com,,F
SMPMLS61M02L501U,Miles,Simpson,False,02/08/1961,Urbisaglia,3306211431,miles.simpson@gmail.com,,M
LVNRDY67H50C660G,Randy,Livingston,False,10/06/1967,Chiusavecchia,3217004937,randy.livingston@gmail.com,20/06/2020,F
FSCVLN89A63A700E,Verlene,Fischer,False,23/01/1989,Basiliano,3428602756,verlene.fischer@gmail.com,,F
DVSLCA50H68F320W,Alice,Davis,False,28/06/1950,Momperone,3359250374,alice.davis@gmail.com,05/10/2021,F
CLTJFR64L04E583D,Jeffrey,Colton,False,04/07/1964,Lignana,3323105262,jeffrey.colton@gmail.com,,M
BCHJDO75E61G607U,Jodie,Buchanan,True,21/05/1975,Pietrabruna,3504724635,jodie.buchanan@gmail.com,29/09/2021,F
RDRSPH73P12A293T,Stephanie,Rodriguez,False,12/09/1973,Angolo Terme,3432682794,stephanie.rodriguez@gmail.com,,M
MLCBRN67T24F115S,Brian,Melchor,True,24/12/1967,Mello,3584848873,brian.melchor@gmail.com,01/11/2021,M
SCLMHL70E45F931A,Micheal,Escalante,False,05/05/1970,None,3446944812,micheal.escalante@gmail.com,19/08/2021,F
DCKMGR94T59A956F,Margaret,Dick,False,19/12/1994,Bomba,3285075138,margaret.dick@gmail.com,,F
BLUNNA98A10M065U,Annie,Buel,False,10/01/1998,Vione,3473352028,annie.buel@gmail.com,07/08/2021,M
ZKONCY73B26F709K,Nancy,Zook,False,26/02/1973,Moransengo,3301244479,nancy.zook@gmail.com,,M
SCHVKY77B16G888O,Vicky,Schreyer,False,16/02/1977,Pordenone,3314891650,vicky.schreyer@gmail.com,,M
JRDRRT70S16G370Z,Robert,Jordan,False,16/11/1970,Paternopoli,3510469252,robert.jordan@gmail.com,,M
NLOJOE61E19G486V,Joe,Noel,False,19/05/1961,Pesche,3338461267,joe.noel@gmail.com,09/10/2020,M
MNDLEE84T07C561H,Lee,Mondell,False,07/12/1984,Cesa,3544398697,lee.mondell@gmail.com,19/05/2021,M
BWNGRY86P12D037I,Gary,Bowens,False,12/09/1986,Correggio,3426342311,gary.bowens@gmail.com,05/07/2021,M
GDOKLY97T24F637E,Kelly,Good,False,24/12/1997,Montescaglioso,3503026992,kelly.good@gmail.com,04/02/2021,M
BSHDLD52C63B499O,Donald,Bishop,False,23/03/1952,Campagnola Emilia,3561477695,donald.bishop@gmail.com,05/03/2020,F
BLETBY61H29E987N,Toby,Beal,False,29/06/1961,Martinengo,3514870028,toby.beal@gmail.com,21/04/2021,M
WLKMNT55L06B440I,Monte,Walker,False,06/07/1955,Calvello,3463342075,monte.walker@gmail.com,,M
LNADRO50M53A185D,Dora,Lane,False,13/08/1950,Alezio,3578640458,dora.lane@gmail.com,,F
DMNHLN98D58G300H,Helen,Dominguez,False,18/04/1998,Paluzza,3596796846,helen.dominguez@gmail.com,,F
NLSSTT57C25G145B,Scott,Nelson,False,25/03/1957,Ortucchio,3436999055,scott.nelson@gmail.com,,M
BCADBR69M70I448J,Debra,Baca,False,30/08/1969,Sarule,3330546032,debra.baca@gmail.com,25/09/2021,F
TRVCRY00D30G743R,Cheryl,Trevino,False,30/04/2000,Pocenia,3353901350,cheryl.trevino@gmail.com,,M
HWLRTH80B10M384I,Ruth,Howell,False,10/02/1980,Val Liona,3598091509,ruth.howell@gmail.com,20/05/2021,M
BTTGLR84R71H836M,Gloria,Bitter,False,31/10/1984,San Felice Circeo,3513138049,gloria.bitter@gmail.com,16/06/2021,F
LIXDRS62P52E664A,Doris,Li,False,12/09/1962,Lona-Lases,3512985248,doris.li@gmail.com,,F
RTZMHL96H49E695S,Michael,Ortiz,False,09/06/1996,Lorsica,3263406269,michael.ortiz@gmail.com,05/07/2020,F
SPNJNN58C55L974Z,Johnny,Spence,False,15/03/1958,Villanova Mondovì,3579623731,johnny.spence@gmail.com,,F
KRBHLN51R23F210I,Helen,Kirby,False,23/10/1951,Militello Rosmarino,3295644569,helen.kirby@gmail.com,,M
MCDMLN82S64I520Y,Madeline,Mcdaniel,False,24/11/1982,Scerni,3383000228,madeline.mcdaniel@gmail.com,20/03/2021,F
DNSRRT60M49B669V,Robert,Danson,False,09/08/1960,Capoliveri,3481968805,robert.danson@gmail.com,08/02/2021,F
GLMCNN83D49E210O,Connie,Gilmore,False,09/04/1983,Grotte di Castro,3355905021,connie.gilmore@gmail.com,09/03/2020,F
LCKLND96E25D042C,Linda,Lockard,False,25/05/1996,Corridonia,3424832949,linda.lockard@gmail.com,,M
WNDLRA79B28I449U,Laura,Wandler,True,28/02/1979,Sarzana,3524750566,laura.wandler@gmail.com,30/09/2021,M
HWLRHR63C16F320S,Richard,Howell,False,16/03/1963,Momperone,3532292360,richard.howell@gmail.com,29/09/2021,M
MSNCLR58D29B524Z,Clara,Mason,False,29/04/1958,Campodarsego,3333881883,clara.mason@gmail.com,11/10/2021,M
GLRJPH60H13E063H,Joseph,Aguilar,False,13/06/1960,Giussano,3589838168,joseph.aguilar@gmail.com,,M
FLNRMN62H03C040L,Ramon,Flannagan,False,03/06/1962,Castel Castagna,3222017872,ramon.flannagan@gmail.com,18/06/2020,M
